{
  "params": {
    "gc": {
      "subPayoutPct": 0.48,
      "materialsPct": 0.2,
      "variableOpexPct": 0.1,
      "fixedOpexBase": 250000,
      "fixedOpexPerAccount": 1500
    },
    "mp": {
      "takeRate": 0.18,
      "grossMarginPct": 0.85,
      "variableOpexPct": 0.08,
      "fixedOpexBase": 200000,
      "fixedOpexPerAccount": 1200
    },
    "taxRate": 0.25
  },
  "rows": [
    {
      "year": 0,
      "accounts": 20,
      "billed": 1200000,
      "gc": {
        "revenue": 1200000,
        "grossProfit": 384000,
        "grossMarginPct": 0.32,
        "fixedOpex": 280000,
        "variableOpex": 120000,
        "ebit": -16000,
        "netIncome": -16000,
        "netMarginPct": -0.013333333333333334
      },
      "mp": {
        "revenue": 216000,
        "grossProfit": 183600,
        "grossMarginPct": 0.85,
        "fixedOpex": 224000,
        "variableOpex": 17280,
        "ebit": -57680,
        "netIncome": -57680,
        "netMarginPct": -0.267037037037037
      }
    },
    {
      "year": 1,
      "accounts": 40,
      "billed": 1800000,
      "gc": {
        "revenue": 1800000,
        "grossProfit": 576000,
        "grossMarginPct": 0.32,
        "fixedOpex": 295000,
        "variableOpex": 180000,
        "ebit": 101000,
        "netIncome": 75750,
        "netMarginPct": 0.042083333333333334
      },
      "mp": {
        "revenue": 324000,
        "grossProfit": 275400,
        "grossMarginPct": 0.85,
        "fixedOpex": 236000,
        "variableOpex": 25920,
        "ebit": 13480,
        "netIncome": 10110,
        "netMarginPct": 0.031203703703703702
      }
    },
    {
      "year": 2,
      "accounts": 60,
      "billed": 3000000,
      "gc": {
        "revenue": 3000000,
        "grossProfit": 960000,
        "grossMarginPct": 0.32,
        "fixedOpex": 325000,
        "variableOpex": 300000,
        "ebit": 335000,
        "netIncome": 251250,
        "netMarginPct": 0.08375
      },
      "mp": {
        "revenue": 540000,
        "grossProfit": 459000,
        "grossMarginPct": 0.85,
        "fixedOpex": 260000,
        "variableOpex": 43200,
        "ebit": 155800,
        "netIncome": 116850,
        "netMarginPct": 0.21638888888888888
      }
    },
    {
      "year": 3,
      "accounts": 80,
      "billed": 4200000,
      "gc": {
        "revenue": 4200000,
        "grossProfit": 1344000,
        "grossMarginPct": 0.32,
        "fixedOpex": 355000,
        "variableOpex": 420000,
        "ebit": 569000,
        "netIncome": 426750,
        "netMarginPct": 0.10160714285714285
      },
      "mp": {
        "revenue": 756000,
        "grossProfit": 642600,
        "grossMarginPct": 0.85,
        "fixedOpex": 284000,
        "variableOpex": 60480,
        "ebit": 298120,
        "netIncome": 223590,
        "netMarginPct": 0.29575396825396827
      }
    },
    {
      "year": 4,
      "accounts": 100,
      "billed": 5400000,
      "gc": {
        "revenue": 5400000,
        "grossProfit": 1728000,
        "grossMarginPct": 0.32,
        "fixedOpex": 385000,
        "variableOpex": 540000,
        "ebit": 803000,
        "netIncome": 602250,
        "netMarginPct": 0.11152777777777778
      },
      "mp": {
        "revenue": 972000,
        "grossProfit": 826200,
        "grossMarginPct": 0.85,
        "fixedOpex": 308000,
        "variableOpex": 77760,
        "ebit": 440440,
        "netIncome": 330330,
        "netMarginPct": 0.3398456790123457
      }
    },
    {
      "year": 5,
      "accounts": 120,
      "billed": 6600000,
      "gc": {
        "revenue": 6600000,
        "grossProfit": 2112000,
        "grossMarginPct": 0.32,
        "fixedOpex": 415000,
        "variableOpex": 660000,
        "ebit": 1037000,
        "netIncome": 777750,
        "netMarginPct": 0.1178409090909091
      },
      "mp": {
        "revenue": 1188000,
        "grossProfit": 1009800,
        "grossMarginPct": 0.85,
        "fixedOpex": 332000,
        "variableOpex": 95040,
        "ebit": 582760,
        "netIncome": 437070,
        "netMarginPct": 0.3679040404040404
      }
    },
    {
      "year": 6,
      "accounts": 140,
      "billed": 7638839.999999999,
      "gc": {
        "revenue": 7638839.999999999,
        "grossProfit": 2444428.8,
        "grossMarginPct": 0.32,
        "fixedOpex": 445000,
        "variableOpex": 763884,
        "ebit": 1235544.7999999998,
        "netIncome": 926658.5999999999,
        "netMarginPct": 0.12130881128548313
      },
      "mp": {
        "revenue": 1374991.1999999997,
        "grossProfit": 1168742.5199999998,
        "grossMarginPct": 0.85,
        "fixedOpex": 356000,
        "variableOpex": 109999.29599999997,
        "ebit": 702743.2239999998,
        "netIncome": 527057.4179999998,
        "netMarginPct": 0.3833169390465917
      }
    },
    {
      "year": 7,
      "accounts": 160,
      "billed": 7638839.999999999,
      "gc": {
        "revenue": 7638839.999999999,
        "grossProfit": 2444428.8,
        "grossMarginPct": 0.32,
        "fixedOpex": 475000,
        "variableOpex": 763884,
        "ebit": 1205544.7999999998,
        "netIncome": 904158.5999999999,
        "netMarginPct": 0.11836333788899885
      },
      "mp": {
        "revenue": 1374991.1999999997,
        "grossProfit": 1168742.5199999998,
        "grossMarginPct": 0.85,
        "fixedOpex": 380000,
        "variableOpex": 109999.29599999997,
        "ebit": 678743.2239999998,
        "netIncome": 509057.41799999983,
        "netMarginPct": 0.3702259461733282
      }
    },
    {
      "year": 8,
      "accounts": 180,
      "billed": 7638839.999999999,
      "gc": {
        "revenue": 7638839.999999999,
        "grossProfit": 2444428.8,
        "grossMarginPct": 0.32,
        "fixedOpex": 505000,
        "variableOpex": 763884,
        "ebit": 1175544.7999999998,
        "netIncome": 881658.5999999999,
        "netMarginPct": 0.11541786449251457
      },
      "mp": {
        "revenue": 1374991.1999999997,
        "grossProfit": 1168742.5199999998,
        "grossMarginPct": 0.85,
        "fixedOpex": 404000,
        "variableOpex": 109999.29599999997,
        "ebit": 654743.2239999998,
        "netIncome": 491057.41799999983,
        "netMarginPct": 0.35713495330006473
      }
    },
    {
      "year": 9,
      "accounts": 200,
      "billed": 7638839.999999999,
      "gc": {
        "revenue": 7638839.999999999,
        "grossProfit": 2444428.8,
        "grossMarginPct": 0.32,
        "fixedOpex": 535000,
        "variableOpex": 763884,
        "ebit": 1145544.7999999998,
        "netIncome": 859158.5999999999,
        "netMarginPct": 0.11247239109603029
      },
      "mp": {
        "revenue": 1374991.1999999997,
        "grossProfit": 1168742.5199999998,
        "grossMarginPct": 0.85,
        "fixedOpex": 428000,
        "variableOpex": 109999.29599999997,
        "ebit": 630743.2239999998,
        "netIncome": 473057.41799999983,
        "netMarginPct": 0.34404396042680124
      }
    }
  ],
  "gcBreakeven": 1
}